nom;prenom;mail;mdp;filiere;status
jammes;tom;tom.jammes@iut-rodez.fr;123;informatique;étudiant
lemaire;thomas;thomas.lemaire@iut-rodez.fr;455;informatique;étudiant
nguyen;constant;constant.nguyen@iut-rodez.fr;789;informatique;étudiant
izard;thomas;thomas.izard@iut-rodez.fr;147;informatique;étudiant
lapeyre;tony;tony.lapeyre@iut-rodez.fr;258;informatique;étudiant
Bon;Jean;jean.bon@iut-rodez.fr;14863;informatique/gea;gestionnaire
Test;Test;emailIncorect;1452;informatique;gestionnaire